<?xml version="1.0" encoding="utf-8" ?><dwsync><file name="TG_Mediator.js" server="64.64.8.234//var/www/vhosts/" local="3494290239" remote="2347772510676664745" /><file name="TG_TimelineView.js" server="64.64.8.234//var/www/vhosts/" local="3494434966" remote="2347772510676664749" /><file name="TG_Org.js" server="64.64.8.234//var/www/vhosts/" local="3460661308" remote="2347772510676664745" /><file name="TG_Timeline.js" server="64.64.8.234//var/www/vhosts/" local="3492110379" remote="2347772510676664747" /><file name="TG_TimelineViewListTest.js" server="64.64.8.234//var/www/vhosts/" local="3456845646" remote="2347772510676664751" /><file name="Timeglider.css" server="64.64.8.234//var/www/vhosts/" local="3493078839" remote="2347772510676664751" /><file name="TG_Mapping.js" server="64.64.8.234//var/www/vhosts/" local="3450801827" remote="2347772510676664744" /><file name="TG_Org_template.js" server="64.64.8.234//var/www/vhosts/" local="3493140232" remote="2347772510676664746" /><file name="TG_Date.js" server="64.64.8.234//var/www/vhosts/" local="3493648324" remote="2347772510676664743" /></dwsync>