[
{
    "id": "idahoTimeline",
    "title": "A History of Idaho",
    "focus_date": "1981-07-01 12:00",
    "initial_zoom": "45",
	"color": "#82530d",
	"size_importance": "true",
    "events":
    [
    
    {
        "id": "1393",
        "title": "Louisiana Purchase",
        "startdate": "1803-07-01 12:00",
        "enddate": "1803-07-01 12:00",
        "description": "The United States purchases Louisiana Territory.",
"icon": "triangle_green.png",
        "low_threshold": "1",
        "high_threshold": "60",
        "importance": "45",
        "ypix": "0",
        "slug":""
    }
    ,
    {
        "id": "1394",
        "title": "Lewis and Clark Expeditions",
        "startdate": "1804-01-01 12:00",
        "enddate": "1806-12-31 12:00",
        "description": "Captains Meriwether Lewis and William Clark enter area that would become Idaho at Lemhi Pass.",
"icon": "triangle_green.png",
        "low_threshold": "1",
        "high_threshold": "60",
        "importance": "45",
        "ypix": "0",
        "slug": ""
    }
    ,
    {
        "id": "1395",
        "title": "Kullyspell House Erected",
        "startdate": "1809-07-01 12:00",
        "enddate": "1809-07-01 12:00",
        "description": "Kullyspell House, first non-native establishment in Northwest, is erected near Lake Pend Oreille.",
"icon": "triangle_green.png",
        "low_threshold": "1",
        "high_threshold": "60",
        "importance": "30",
        "ypix": "0",
        "slug": ""
    }
    ,
    {
        "id": "1396",
        "title": "Fort Henry Established",
        "startdate": "1810-07-01 12:00",
        "enddate": "1810-07-01 12:00",
        "description": "Fort Henry, first American fur post west of Rocky Mountains, established near St. Anthony.",
"icon": "triangle_green.png",
        "low_threshold": "1",
        "high_threshold": "60",
        "importance": "32",
        "ypix": "0",
        "slug": ""
    }
    ,
    {
        "id": "1397",
        "title": "Astorian Parties explore Idaho",
        "startdate": "1811-07-01 12:00",
        "enddate": "1811-07-01 12:00",
        "description": "Astorian parties under Wilson Price Hunt explore portions of the future Oregon Trail in Idaho.",
"icon": "triangle_green.png",
        "low_threshold": "1",
        "high_threshold": "60",
        "importance": "38",
        "image":"img/tests/idaho.jpg"
    }
    ,
    {
        "id": "1398",
        "title": "Joint Occupation Treaty for Oregon Territory",
        "startdate": "1818-07-01 12:00",
        "enddate": "1818-07-01 12:00",
        
        "description": "U.S. &amp;amp; Great Britain sign Joint Occupation Treaty for Oregon Territory.",
"icon": "triangle_green.png",
        "low_threshold": "1",
        "high_threshold": "60",
        "importance": "40",
        "ypix": "0",
        "slug": ""
    }
    ,
    {
        "id": "1399",
        "title": "Mackenzie Rendezvous with Native Americans",
        "startdate": "1819-07-01 12:00",
        "enddate": "1819-07-01 12:00",
        
        "description": "Donald Mackenzie holds a rendezvous with Native Americans on the Boise River. Adams-Onis treaty between Spain and the United States establishes Idaho's future southern border on the 42nd Parallel. Mackenzie attempts to set up a post on the Boise River.",
"icon": "triangle_green.png",
        "low_threshold": "1",
        "high_threshold": "60",
        "importance": "35",
        "ypix": "0",
        "slug": ""
    }
    ,
    {
        "id": "1400",
        "title": "Mackenzie Negotiates Peace Treaty with Shoshone",
        "startdate": "1820-07-01 12:00",
        "enddate": "1820-07-01 12:00",
        
        "description": "Mackenzie negotiates a peace treaty with the Shoshone on Little Lost River and explores most of what would become Goodale's Cutoff.",
"icon": "triangle_green.png",
        "low_threshold": "1",
        "high_threshold": "60",
        "importance": "37",
        "ypix": "0",
        "slug": ""
    }
    ,
    {
        "id": "1401",
        "title": "Hudson's Bay and NW Company Merge",
        "startdate": "1821-07-01 12:00",
        "enddate": "1821-07-01 12:00",
        "date_limit": "ye",
        "description": "Hudson's Bay Company and North West Company merge.",
"icon": "triangle_green.png",
        "low_threshold": "1",
        "high_threshold": "60",
        "importance": "32",
        "ypix": "0",
        "slug": ""
    }
    ,
    {
        "id": "1402",
        "title": "Rocky Mountain Fur Company Organized",
        "startdate": "1822-07-01 12:00",
        "enddate": "1822-07-01 12:00",
        "date_limit": "ye",
        "description": "William Ashley organizes the Rocky Mountain Fur Company, which institutes the practice of annual rendezvous.",
"icon": "triangle_green.png",
        "low_threshold": "1",
        "high_threshold": "60",
        "importance": "32",
        "image":"img/tests/idaho.jpg"
    }
    ,
    {
        "id": "1403",
        "title": "Bonneville's Wagon Train Across South Pass",
        "startdate": "1830-07-01 12:00",
        "enddate": "1830-07-01 12:00",
        
        "description": "Captain B.L.E. Bonneville takes a wagon train across South Pass to Green River.",
"icon": "triangle_green.png",
        "low_threshold": "1",
        "high_threshold": "60",
        "importance": "30",
        "ypix": "0",
        "slug": ""
    }
    ,
    {
        "id": "1404",
        "title": "Caravan Travels to Wind River",
        "startdate": "1832-07-01 12:00",
        "enddate": "1832-07-01 12:00",
        "date_limit": "ye",
        "description": "A trapper's wheeled caravan travels over part of the Oregon Trail west of Casper to the Wind River rendezvous.",
"icon": "triangle_green.png",
        "low_threshold": "1",
        "high_threshold": "60",
        "importance": "30",
        "ypix": "0",
        "slug": ""
    }
    ,
    {
        "id": "1405",
        "title": "Forts Laramie, Boise, and Hall are established.",
        "startdate": "1834-07-01 12:00",
        "enddate": "1834-07-01 12:00",
        
        "description": "Forts Laramie, Boise, and Hall are established.",
"icon": "triangle_green.png",
        "low_threshold": "1",
        "high_threshold": "60",
        "importance": "40",
        "ypix": "0",
        "slug": ""
    }
    ,
    {
        "id": "1406",
        "title": "Spaulding Establishes Mission near Lapwai",
        "startdate": "1836-07-01 12:00",
        "enddate": "1836-07-01 12:00",
        
        "description": "Henry H. Spalding establishes a mission near Lapwai, where he prints the Northwest's first book, establishes Idaho's first school, develops Idaho's first irrigation system, and grows the state's first potatoes. Narcissa Whitman and Eliza Spalding are the first white women to cross the continental divide (South Pass).",
"icon": "triangle_green.png",
        "low_threshold": "1",
        "high_threshold": "60",
        "importance": "41",
        "ypix": "0",
        "slug":""
    }
    ,
    {
        "id": "1407",
        "title": "First Oregon Trail wagons cross Idaho.",
        "startdate": "1843-07-01 12:00",
        "enddate": "1843-07-01 12:00",
        "date_limit": "ye",
        "description": "First Oregon Trail wagons cross Idaho.",
"icon": "triangle_green.png",
        "low_threshold": "1",
        "high_threshold": "60",
        "importance": "40",
        "ypix": "0",
        "slug": ""
    }
    ,
    {
        "id": "1408",
        "title": "Boundary Dispute With England Settled",
        "startdate": "1846-07-01 12:00",
        "enddate": "1846-07-01 12:00",
        "date_limit": "ye",
        "description": "Treaty settles the Oregon boundary dispute with England.",
"icon": "triangle_green.png",
        "low_threshold": "1",
        "high_threshold": "60",
        "importance": "45",
        "ypix": "0",
        "slug": ""
    }
    ,
    {
        "id": "1409",
        "title": "Heavy Emigration",
        "startdate": "1849-07-01 12:00",
        "enddate": "1849-07-01 12:00",
        
        "description": "Over 20,000 emigrants who join the gold rush come through southeastern Idaho on the California Trail. Heavy traffic continues on the trail for many years.",
"icon": "triangle_green.png",
        "low_threshold": "1",
        "high_threshold": "60",
        "importance": "40",
        "ypix": "0",
        "slug": ""
    }
    ,
    {
        "id": "1410",
        "title": "Military Post Established",
        "startdate": "1849-07-01 12:00",
        "enddate": "1849-07-01 12:00",
        
        "description": "U.S. Military post, Cantonment Loring, is established near Fort Hall.",
"icon": "triangle_green.png",
        "low_threshold": "1",
        "high_threshold": "60",
        "importance": "30",
        "ypix": "0",
        "slug": ""
    }
    ,
    {
        "id": "1411",
        "title": "Gold Discovered",
        "startdate": "1852-07-01 12:00",
        "enddate": "1852-07-01 12:00",
        
        "description": "French Canadians discover gold on the Pend Oreille River.",
"icon": "triangle_green.png",
        "low_threshold": "1",
        "high_threshold": "60",
        "importance": "56",
        "ypix": "0",
        "slug": ""
    }
    ,
    {
        "id": "1412",
        "title": "Washington Territory is Created.",
        "startdate": "1853-07-01 12:00",
        "enddate": "1853-07-01 12:00",
        
        "description": "Washington Territory is created.",
"icon": "triangle_green.png",
        "low_threshold": "1",
        "high_threshold": "60",
        "importance": "52",
        "ypix": "0",
        "slug":""
    }
    ,
    {
        "id": "1413",
        "title": "Fort Lemhi Established",
        "startdate": "1855-07-01 12:00",
        "enddate": "1855-07-01 12:00",
        
        "description": "Salmon River mission (Fort Lemhi) is established by Mormon missionaries, to be abandoned in 1858.",
"icon": "triangle_green.png",
        "low_threshold": "1",
        "high_threshold": "60",
        "importance": "35",
        "ypix": "0",
        "slug": ""
    }
    ,
    {
        "id": "1414",
        "title": "Oregon Becomes a State",
        "startdate": "1859-07-01 12:00",
        "enddate": "1859-07-01 12:00",
        
        "description": "Oregon is admitted as a state.",
"icon": "triangle_green.png",
        "low_threshold": "1",
        "high_threshold": "60",
        "importance": "50",
        "ypix": "0",
        "slug": "",
        "click_callback":"namespacer.clickCallback"
    }
    ,
    {
        "id": "1415",
        "title": "First Town in Idaho Established",
        "startdate": "1860-07-01 12:00",
        "enddate": "1860-07-01 12:00",
        "date_limit": "ye",
        "description": "Franklin, first town in Idaho, is established.",
"icon": "triangle_green.png",
        "low_threshold": "1",
        "high_threshold": "60",
        "importance": "52",
        "ypix": "0",
        "slug": ""
    }
    ,
    {
        "id": "1416",
        "title": "Mining Strike",
        "startdate": "1860-07-01 12:00",
        "enddate": "1863-07-01 12:00",
        
        "description": "Major mining strikes occur near Pierce, Florence, Idaho City, and Silver City.",
"icon": "triangle_red.png",
        "low_threshold": "1",
        "high_threshold": "60",
        "importance": "35",
        "ypix": "0",
        "slug": ""
    }
    ,
    {
        "id": "1417",
        "title": "Idaho's First Newspaper",
        "startdate": "1862-07-01 12:00",
        "enddate": "1862-07-01 12:00",
        "date_limit": "ye",
        "description": "On August 2, 1862, the Golden Age newspaper released its inaugural issue in Lewiston, Washington Territory. The Age thus has the honor of being the first newspaper published in what would become, seven months later, Idaho Territory. The publisher was a man named A. S. Gould, about whom we know very little.",
"icon": "triangle_green.png",
        "low_threshold": "1",
        "high_threshold": "60",
        "importance": "40",
		"image":"http://imnh.isu.edu/digitalatlas/geog/explore/images/1863.jpg",
		"link":[{"url":"http://en.wikipedia.org/wiki/JScript", "label":"wikipedia"}, {"url":"http://nytimes.com", "label":"NYT"}],
        "ypix": "0",
        "slug":""
    }
    ,
    {
        "id": "1418",
        "title": "Idaho Becomes a Territory",
        "startdate": "1863-07-01 12:00",
        "enddate": "1863-07-01 12:00",
        
        "description": "Idaho becomes a territory on March 4 with Lewiston as its capital. The Bear River Massacre, the West's largest slaughter of Indians, is fought near present-day Preston.",
"icon": "triangle_green.png",
        "low_threshold": "1",
        "high_threshold": "60",
        "importance": "55",
        "ypix": "0",
        "slug": ""
    }
    ,
    {
        "id": "1419",
        "title": "Capital Moves to Boise",
        "startdate": "1864-07-01 12:00",
        "enddate": "1864-07-01 12:00",
        "date_limit": "ye",
        "description": "Territorial Legislature approves moving capital to Boise.",
"icon": "triangle_green.png",
        "low_threshold": "1",
        "high_threshold": "60",
        "importance": "45",
        "ypix": "0",
        "slug": ""
    }
    ,
    {
        "id": "1420",
        "title": "Telegraph Service Reaches Idaho",
        "startdate": "1866-07-01 12:00",
        "enddate": "1866-07-01 12:00",
        "date_limit": "ye",
        "description": "Telegraph service reaches Idaho.",
"icon": "triangle_green.png",
        "low_threshold": "1",
        "high_threshold": "60",
        "importance": "42",
        "ypix": "0",
        "slug": ""
    }
    ,
    {
        "id": "1421",
        "title": "Snake Indian War",
        "startdate": "1866-07-01 12:00",
        "enddate": "1868-07-01 12:00",
        
        "description": "Snake Indian War.",
"icon": "triangle_green.png",
        "low_threshold": "1",
        "high_threshold": "60",
        "importance": "52",
        "ypix": "0",
        "slug":""
    }
    ,
    {
        "id": "1422",
        "title": "Idaho's First Labor Union",
        "startdate": "1867-07-01 12:00",
        "enddate": "1867-07-01 12:00",
        
        "description": "Owyhee Miners' League in Owyhee County organizes as state's first labor union.",
"icon": "triangle_green.png",
        "low_threshold": "1",
        "high_threshold": "60",
        "importance": "35",
        "ypix": "0",
        "slug": ""
    }
    ,
    {
        "id": "1423",
        "title": "Population 17,804",
        "startdate": "1870-07-01 12:00",
        "enddate": "1870-07-01 12:00",
        
        "description": "Idaho population 17,804.",
"icon": "plus_blue.png",
        "low_threshold": "1",
        "high_threshold": "60",
        "importance": "35",
        "ypix": "0",
        "slug": ""
    }
    ,
    {
        "id": "1424",
        "title": "Assay Office and Idaho Prison",
        "startdate": "1872-07-01 12:00",
        "enddate": "1872-07-01 12:00",
        "date_limit": "ye",
        "description": "U.S. Assay office and Idaho prison are completed.",
"icon": "triangle_green.png",
        "low_threshold": "1",
        "high_threshold": "60",
        "importance": "30",
        "ypix": "0",
        "slug": ""
    }
    ,
    {
        "id": "1425",
        "title": "Railroad Comes to Idaho",
        "startdate": "1874-07-01 12:00",
        "enddate": "1874-07-01 12:00",
        "date_limit": "da",
        "description": "Railroad service reaches Idaho at Franklin.",
"icon": "triangle_green.png",
        "low_threshold": "1",
        "high_threshold": "60",
        "importance": "50",
        "ypix": "0",
        "slug": ""
    }
    ,
    {
        "id": "1426",
        "title": "Nez Perce War",
        "startdate": "1877-07-01 12:00",
        "enddate": "1877-07-01 12:00",
        
        "description": "Nez Perce Indian War.",
"icon": "triangle_red.png",
        "low_threshold": "1",
        "high_threshold": "60",
        "importance": "54",
        "image":"img/tests/idaho.jpg"
    }
    ,
    {
        "id": "1427",
        "title": "Bannock War",
        "startdate": "1878-07-01 12:00",
        "enddate": "1878-07-01 12:00",
        
        "description": "Bannock Indian War.",
"icon": "triangle_red.png",
        "low_threshold": "1",
        "high_threshold": "60",
        "importance": "54",
        "ypix": "0",
        "slug": ""
    }
    ,
    {
        "id": "1428",
        "title": "Sheepeater Indian Campaign",
        "startdate": "1879-07-01 12:00",
        "enddate": "1879-07-01 12:00",
        
        "description": "Sheepeater Indian campaign.",
"icon": "triangle_red.png",
        "low_threshold": "1",
        "high_threshold": "60",
        "importance": "55",
        "ypix": "0",
        "slug": ""
    }
    ,
    {
        "id": "1429",
        "title": "Population 32,610",
        "startdate": "1880-07-01 12:00",
        "enddate": "1880-07-01 12:00",
        
        "description": "Idaho population 32,610. Boise and Lewiston independent school districts are created.",
"icon": "plus_blue.png",
        "low_threshold": "1",
        "high_threshold": "60",
        "importance": "30",
        "ypix": "0",
        "slug": ""
    }
    ,
    {
        "id": "1430",
        "title": "Historical Society of Idaho Forms",
        "startdate": "1881-07-01 12:00",
        "enddate": "1881-07-01 12:00",
        
        "description": "Historical Society of Idaho Pioneers forms to collect and preserve a reliable history of the early settlement of the territory.",
"icon": "triangle_green.png",
        "low_threshold": "1",
        "high_threshold": "60",
        "importance": "35",
        "ypix": "0",
        "slug":""
    }
    ,
    {
        "id": "1431",
        "title": "First Electric Light",
        "startdate": "1882-07-01 12:00",
        "enddate": "1882-07-01 12:00",
        
        "description": "State's first electric light is turned on at the Philadelphia Smelter near Ketchum.",
"icon": "triangle_green.png",
        "low_threshold": "1",
        "high_threshold": "60",
        "importance": "40",
        "ypix": "0",
        "slug": ""
    }
    ,
    {
        "id": "1432",
        "title": "Commercial Telephone",
        "startdate": "1883-07-01 12:00",
        "enddate": "1883-07-01 12:00",
        "date_limit": "ye",
        "description": "Commercial telephone service in Idaho begins at Hailey.",
"icon": "triangle_green.png",
        "low_threshold": "1",
        "high_threshold": "60",
        "importance": "40",
        "ypix": "0",
        "slug": ""
    }
    ,
    {
        "id": "1433",
        "title": "Silver Discovered",
        "startdate": "1884-07-01 12:00",
        "enddate": "1884-07-01 12:00",
        "date_limit": "ye",
        "description": "Silver is discovered in the Coeur d'Alene mining district, which eventually becomes nation's richest.",
"icon": "triangle_green.png",
        "low_threshold": "1",
        "high_threshold": "60",
        "importance": "48",
        "ypix": "0",
        "slug": ""
    }
    ,
    {
        "id": "1434",
        "title": "Completion of Oregon Short Line",
        "startdate": "1884-07-01 12:00",
        "enddate": "1884-07-01 12:00",
        "date_limit": "ye",
        "description": "Completion of the Oregon Short Line.",
"icon": "triangle_green.png",
        "low_threshold": "1",
        "high_threshold": "60",
        "importance": "40",
        "ypix": "0",
        "slug": ""
    }
    ,
    {
        "id": "1435",
        "title": "University of Idaho Established",
        "startdate": "1889-07-01 12:00",
        "enddate": "1889-07-01 12:00",
        
        "description": "Constitutional Convention convenes on July 4, with the constitution ratified by the people on November 5. Territorial Legislature establishes the University of Idaho.",
"icon": "triangle_green.png",
        "low_threshold": "1",
        "high_threshold": "60",
        "importance": "40",
        "ypix": "0",
        "slug": ""
    }
    ,
    {
        "id": "1436",
        "title": "Idaho Becomes a State",
        "startdate": "1890-07-01 12:00",
        "enddate": "1890-07-01 12:00",
        "date_limit": "ye",
        "description": "Idaho population 88,548. Idaho becomes 43rd state on July 3.",
"icon": "star_orange.png",
        "low_threshold": "1",
        "high_threshold": "60",
        "importance": "63",
        "ypix": "0"
    }
    ,
    {
        "id": "1437",
        "title": "First Classes Held at College of Idaho",
        "startdate": "1891-07-01 12:00",
        "enddate": "1891-07-01 12:00",
        
        "description": "First classes are held at the College of Idaho, in Caldwell.",
"icon": "triangle_green.png",
        "low_threshold": "1",
        "high_threshold": "60",
        "importance": "35",
        "ypix": "0",
        "slug": ""
    }
    ,
    {
        "id": "1438",
        "title": "Butch Cassidy Robs Bank",
        "startdate": "1896-07-01 12:00",
        "enddate": "0-00-01 00:00",
        "date_limit": "ho",
        "description": "Butch Cassidy robs the bank in Montpelier.",
"icon": "triangle_red.png",
        "low_threshold": "1",
        "high_threshold": "60",
        "importance": "45",
        "ypix": "0",
        "slug": ""
    }
    ,
    {
        "id": "1439",
        "title": "Population, 161,722",
        "startdate": "1900-07-01 12:00",
        "enddate": "1900-07-01 12:00",
        
        "description": "Idaho population 161,722.",
"icon": "plus_blue.png",
        "low_threshold": "1",
        "high_threshold": "60",
        "importance": "30",
        "ypix": "0",
        "slug": ""
    }
    ,
    {
        "id": "1440",
        "title": "Completion of Milner Dam",
        "startdate": "1904-07-01 12:00",
        "enddate": "1904-07-01 12:00",
        
        "description": "Completion of Milner Dam brings irrigation to the south side of the Snake River.",
"icon": "triangle_green.png",
        "low_threshold": "1",
        "high_threshold": "60",
        "importance": "49",
        "ypix": "0",
        "slug": ""
    }
    ,
    {
        "id": "1441",
        "title": "Governor Assassinated",
        "startdate": "1905-07-01 12:00",
        "enddate": "0-00-01 00:00",
        "date_limit": "ho",
        "description": "Former Governor Frank Steunenberg is assassinated.",
"icon": "triangle_red.png",
        "low_threshold": "1",
        "high_threshold": "60",
        "importance": "55",
        "ypix": "0",
        "slug": ""
    }
    ,
    {
        "id": "1442",
        "title": "Lawgest Sawmill in US Opens",
        "startdate": "1906-07-01 12:00",
        "enddate": "0-00-01 00:00",
        "date_limit": "ho",
        "description": "Largest sawmill in the United States opens at Potlatch.",
"icon": "triangle_green.png",
        "low_threshold": "1",
        "high_threshold": "60",
        "importance": "45",
        "ypix": "0",
        "slug":""
    }
    ,
    {
        "id": "1443",
        "title": "Borah Elected to Senate",
        "startdate": "1907-07-01 12:00",
        "enddate": "1907-07-01 12:00",
        
        "description": "William E. Borah is elected to the U.S. Senate, where he serves 33 years. ",
"icon": "triangle_green.png",
        "low_threshold": "1",
        "high_threshold": "60",
        "importance": "49",
        "ypix": "0",
        "slug": ""
    }
    ,
    {
        "id": "1444",
        "title": "Walter 'Big Train' Johnson signs with the Wash. Senators.",
        "startdate": "1907-07-01 12:00",
        "enddate": "1907-07-01 12:00",
        "date_limit": "da",
        "description": "",
"icon": "circle_orange.png",
        "low_threshold": "1",
        "high_threshold": "60",
        "importance": "32",
        "ypix": "0",
        "slug": ""
    }
    ,
    {
        "id": "1445",
        "title": "Idaho Historical Society is founded.",
        "startdate": "1907-07-01 12:00",
        "enddate": "1907-07-01 12:00",
        
        "description": "",
"icon": "triangle_green.png",
        "low_threshold": "1",
        "high_threshold": "60",
        "importance": "45",
        "ypix": "0",
        "slug": ""
    }
    ,
    {
        "id": "1446",
        "title": "Population 325,594",
        "startdate": "1910-07-01 12:00",
        "enddate": "1910-07-01 12:00",
        "date_limit": "ye",
        "description": "Idaho population 325,594. ",
"icon": "plus_blue.png",
        "low_threshold": "1",
        "high_threshold": "60",
        "importance": "42",
        "ypix": "0",
        "slug": ""
    }
    ,
    {
        "id": "1447",
        "title": "The Big Burn: Devastating Forest Fires",
        "startdate": "1910-07-01 12:00",
        "enddate": "1910-09-01 12:00",
        "date_limit": "mo",
        "description": "Forest fires consume one-sixth of north Idaho's forests.",
"icon": "triangle_red.png",
        "low_threshold": "1",
        "high_threshold": "60",
        "importance": "52",
        "ypix": "0",
        "slug":""
    }
    ,
    {
        "id": "1449",
        "title": "First Jewish Governor in US",
        "startdate": "1914-07-01 12:00",
        "enddate": "1914-07-01 12:00",
        
        "description": "Moses Alexander is first elected Jewish governor in United States.",
"icon": "triangle_green.png",
        "low_threshold": "1",
        "high_threshold": "60",
        "importance": "45",
        "ypix": "0",
        "slug": ""
    }
    ,
    {
        "id": "1448",
        "title": "State Board of Education Established",
        "startdate": "1917-04-16 20:59",
        "enddate": "1917-04-16 20:59",
        
        "description": "State Board of Education is established.",
"icon": "triangle_green.png",
        "low_threshold": "1",
        "high_threshold": "60",
        "importance": "45",
        "ypix": "0",
        "slug": ""
    }
    ,
    {
        "id": "1450",
        "title": "Battleship Idaho Launched",
        "startdate": "1917-07-01 12:00",
        "enddate": "1917-07-01 12:00",
        
        "description": "Battleship Idaho  is launched.",
"icon": "triangle_green.png",
        "low_threshold": "1",
        "high_threshold": "60",
        "importance": "45",
        "ypix": "0",
        "slug": ""
    }
    ,
    {
        "id": "1451",
        "title": "Idaho population 431,866.",
        "startdate": "1920-07-01 12:00",
        "enddate": "1920-07-01 12:00",
        
        "description": "",
"icon": "plus_blue.png",
        "low_threshold": "1",
        "high_threshold": "60",
        "importance": "42",
        "ypix": "0",
        "slug":""
    }
    ,
    {
        "id": "1452",
        "title": "Capitol Building Completed",
        "startdate": "1920-07-01 12:00",
        "enddate": "1920-07-01 12:00",
        
        "description": "",
"icon": "triangle_green.png",
        "low_threshold": "1",
        "high_threshold": "60",
        "importance": "45",
        "ypix": "0",
        "slug": ""
    }
    ,
    {
        "id": "1454",
        "title": "Father of Television",
        "startdate": "1920-07-01 12:00",
        "enddate": "1920-07-01 12:00",
        
        "description": "Philo Farnsworth, 15-year-old student and inventor from Rigby, develops concepts that lead to invention of television and earn him the name 'Father of Television'.",
"icon": "triangle_green.png",
        "low_threshold": "1",
        "high_threshold": "60",
        "importance": "45",
        "ypix": "0",
        "slug": ""
    }
    ,
    {
        "id": "1455",
        "title": "First Radio Station",
        "startdate": "1920-07-01 12:00",
        "enddate": "1920-07-01 12:00",
        "date_limit": "da",
        "description": "Idaho's first radio station, KFAU, at Boise High School, goes on the air in 1922.",
"icon": "triangle_green.png",
        "low_threshold": "1",
        "high_threshold": "60",
        "importance": "45",
        "ypix": "0",
        "slug": ""
    }
    ,
    {
        "id": "1456",
        "title": "Craters of the Moon established",
        "startdate": "1924-07-01 12:00",
        "enddate": "1924-07-01 12:00",
        
        "description": "Craters of the Moon National Monument is established.",
"icon": "triangle_green.png",
        "low_threshold": "1",
        "high_threshold": "60",
        "importance": "45",
        "ypix": "0",
        "slug":""
    }
    ,
    {
        "id": "1457",
        "title": "First Commercial Airmail Service in US",
        "startdate": "1926-07-01 12:00",
        "enddate": "1926-07-01 12:00",
        
        "description": "First commercial airmail service in the U.S. begins in Boise.",
"icon": "triangle_green.png",
        "low_threshold": "1",
        "high_threshold": "60",
        "importance": "35",
        "ypix": "0",
        "slug": ""
    }
    ,
    {
        "id": "1458",
        "title": "Population 445,032",
        "startdate": "1930-07-01 12:00",
        "enddate": "1930-07-01 12:00",
        
        "description": "Idaho population 445,032.",
"icon": "plus_blue.png",
        "low_threshold": "1",
        "high_threshold": "60",
        "importance": "42",
        "ypix": "0",
        "slug": ""
    }
    ,
    {
        "id": "1459",
        "title": "Leading Silver Producer in US",
        "startdate": "1934-07-01 12:00",
        "enddate": "1934-07-01 12:00",
        
        "description": "Idaho becomes nation's leading silver producer.",
"icon": "triangle_green.png",
        "low_threshold": "1",
        "high_threshold": "60",
        "importance": "52",
        "ypix": "0",
        "slug": ""
    }
    ,
    {
        "id": "1460",
        "title": "Sun Valley Established",
        "startdate": "1936-07-01 12:00",
        "enddate": "1936-07-01 12:00",
        
        "description": "Sun Valley resort is established by the Union Pacific Railroad. World's first ski chair lift opens at Sun Valley.",
"icon": "triangle_green.png",
        "low_threshold": "1",
        "high_threshold": "60",
        "importance": "50",
        "ypix": "0",
        "slug": ""
    }
    ,
    {
        "id": "1461",
        "title": "Albertsons Opens",
        "startdate": "1939-07-01 12:00",
        "enddate": "1939-07-01 12:00",
        
        "description": "Joe Albertson opens his first supermarket in Boise.",
"icon": "triangle_green.png",
        "low_threshold": "1",
        "high_threshold": "60",
        "importance": "45",
        "ypix": "0",
        "slug": ""
    }
    ,
    {
        "id": "1462",
        "title": "Population 524,873",
        "startdate": "1940-08-01 12:00",
        "enddate": "1940-08-01 12:00",
        
        "description": "Idaho population 524,873.",
"icon": "plus_blue.png",
        "low_threshold": "1",
        "high_threshold": "60",
        "importance": "25",
        "image":"img/tests/idaho.jpg"
    }
    ,
    {
        "id": "1463",
        "title": "Simplot Opens",
        "startdate": "1941-07-01 12:00",
        "enddate": "1941-07-01 12:00",
        
        "description": "J.R. Simplot begins potato dehydration operations in Caldwell.",
"icon": "triangle_green.png",
        "low_threshold": "1",
        "high_threshold": "60",
        "importance": "45",
        "ypix": "0",
        "slug": ""
    }
    ,
    {
        "id": "1464",
        "title": "Japanese American Internment",
        "startdate": "1942-02-19 12:00",
        "enddate": "1944-12-18 12:00",
        
        "description": "Japanese-Americans are placed in internment camp near Eden.",
"icon": "triangle_red.png",
        "low_threshold": "1",
        "high_threshold": "60",
        "importance": "51",
        "ypix": "0",
        "slug": ""
    }
    ,
    {
        "id": "1465",
        "title": "National Reactor Testing Station Established",
        "startdate": "1949-07-01 12:00",
        "enddate": "1949-07-01 12:00",
        
        "description": "National Reactor Testing Station (NRTS) is established.",
"icon": "triangle_green.png",
        "low_threshold": "1",
        "high_threshold": "60",
        "importance": "45",
        "ypix": "0",
        "slug": ""
    }
    ,
    {
        "id": "1466",
        "title": "Population 588,637",
        "startdate": "1950-07-01 12:00",
        "enddate": "1950-07-01 12:00",
        
        "description": "Idaho population 588,637.",
"icon": "plus_blue.png",
        "low_threshold": "1",
        "high_threshold": "60",
        "importance": "42",
        "ypix": "0",
        "slug": ""
    }
    ,
    {
        "id": "1467",
        "title": "Nuclear Fission to Produce Energy",
        "startdate": "1951-07-01 12:00",
        "enddate": "1951-07-01 12:00",
        
        "description": "NRTS becomes site of the worlds' first use of nuclear fission to produce electricity. Experimental Breeder Reactor No. 1 is later designated a National Landmark.",
"icon": "triangle_green.png",
        "low_threshold": "1",
        "high_threshold": "60",
        "importance": "45",
        "ypix": "0",
        "slug": ""
    }
    ,
    {
        "id": "1468",
        "title": "Television Comes to Idaho",
        "startdate": "1953-07-01 12:00",
        "enddate": "1953-07-01 12:00",
        
        "description": "Television comes to Idaho with KIDO-TV in Boise.",
"icon": "triangle_green.png",
        "low_threshold": "1",
        "high_threshold": "60",
        "importance": "45",
        "ypix": "0",
        "slug": ""
    }
    ,
    {
        "id": "1469",
        "title": "Population 667,191",
        "startdate": "1960-07-01 12:00",
        "enddate": "1960-07-01 12:00",
        
        "description": "Idaho population 667,191.",
"icon": "plus_blue.png",
        "low_threshold": "1",
        "high_threshold": "60",
        "importance": "42",
        "ypix": "0",
        "slug":""
    }
    ,
    {
        "id": "1470",
        "title": "Ernest Hemingway Dies",
        "startdate": "1961-07-01 12:00",
        "enddate": "1961-07-01 12:00",
        
        "description": "Ernest Hemingway dies in Ketchum.",
"icon": "triangle_gray.png",
        "low_threshold": "1",
        "high_threshold": "60",
        "importance": "45",
        "ypix": "0",
        "slug": ""
    }
    ,
    {
        "id": "1471",
        "title": "3% Sales Tax",
        "startdate": "1966-07-01 12:00",
        "enddate": "1966-07-01 12:00",
        
        "description": "Voters uphold 3% state sales tax.",
"icon": "triangle_green.png",
        "low_threshold": "20",
        "high_threshold": "60",
        "importance": "45",
        "ypix": "0",
        "slug": ""
    }
    ,
    {
        "id": "1472",
        "title": "Population 713,015",
        "startdate": "1970-07-01 12:00",
        "enddate": "1970-07-01 12:00",
        
        "description": "Idaho population 713,015.",
"icon": "plus_blue.png",
        "low_threshold": "1",
        "high_threshold": "60",
        "importance": "42",
        "ypix": "0",
        "slug": ""
    }
    ,
    {
        "id": "1473",
        "title": "Sunshine Mine Fire",
        "startdate": "1972-07-01 12:00",
        "enddate": "1972-07-01 12:00",
        
        "description": "Fire at the Sunshine Mine in Kellogg takes 91 lives.",
"icon": "triangle_red.png",
        "low_threshold": "1",
        "high_threshold": "60",
        "importance": "45",
        "ypix": "0",
        "slug": ""
    }
    ,
    {
        "id": "1474",
        "title": "Port of Lewiston Opens",
        "startdate": "1975-07-01 12:00",
        "enddate": "1975-07-01 12:00",
        
        "description": "Port of Lewiston opens Idaho to ocean-going shipping.",
"icon": "triangle_green.png",
        "low_threshold": "1",
        "high_threshold": "60",
        "importance": "45",
        "ypix": "0",
        "slug": ""
    }
    ,
    {
        "id": "1475",
        "title": "Teton Dam Collapse",
        "startdate": "1976-07-01 12:00",
        "enddate": "1976-07-01 12:00",
        
        "description": "Teton Dam collapses, killing 11 and forcing thousands to flee their homes.",
"icon": "triangle_red.png",
        "low_threshold": "1",
        "high_threshold": "60",
        "importance": "52",
        "ypix": "0",
        "slug":""
    }
    ,
    {
        "id": "1476",
        "title": "Governor Appointed Secretary of Interior",
        "startdate": "1977-07-01 12:00",
        "enddate": "1977-07-01 12:00",
        
        "description": "Governor Cecil D. Andrus is appointed Secretary of the Interior.",
"icon": "triangle_green.png",
        "low_threshold": "1",
        "high_threshold": "60",
        "importance": "42",
        "ypix": "0",
        "slug": ""
    }
    ,
    {
        "id": "1477",
        "title": "Property Tax Restrictions",
        "startdate": "1978-07-01 12:00",
        "enddate": "1978-07-01 12:00",
        
        "description": "Voters approve tax limitation placing severe restrictions on the use of the property tax.",
"icon": "triangle_green.png",
        "low_threshold": "1",
        "high_threshold": "60",
        "importance": "45",
        "ypix": "0",
        "slug": ""
    }
    ,
    {
        "id": "1478",
        "title": "Senator Appointed Chairman Senate Foreign Relations Committee",
        "startdate": "1979-07-01 12:00",
        "enddate": "1979-07-01 12:00",
        
        "description": "Senator Frank Church becomes chairman of the Senate Foreign Relations Committee.",
"icon": "triangle_green.png",
        "low_threshold": "1",
        "high_threshold": "60",
        "importance": "41",
        "ypix": "0",
        "slug": ""
    }
    ,
    {
        "id": "1479",
        "title": "Population 944,038",
        "startdate": "1980-07-01 12:00",
        "enddate": "1980-07-01 12:00",
        
        "description": "Idaho population 944,038. ",
"icon": "plus_blue.png",
        "low_threshold": "1",
        "high_threshold": "60",
        "importance": "42",
        "ypix": "0",
        "slug": ""
    }
    ,
    {
        "id": "1480",
        "title": "Mount St. Helens erupts",
        "startdate": "1981-07-01 12:00",
        "enddate": "1981-07-01 12:00",
        
        "description": "Eruption of Mt. St. Helens in Washington leaves north Idaho covered with a layer of volcanic ash.",
"icon": "triangle_red.png",
        "low_threshold": "1",
        "high_threshold": "60",
        "importance": "50",
        "ypix": "0",
        "slug": ""
    }
    ,
    {
        "id": "1481",
        "title": "Senator Appointed Chairman Energy and Natural Resources Committee",
        "startdate": "1981-07-01 12:00",
        "enddate": "1981-07-01 12:00",
        
        "description": "Senator James McClure becomes chairman of the Senate Energy and Natural Resources Committee in the 97th - 99th Congresses.",
"icon": "triangle_green.png",
        "low_threshold": "1",
        "high_threshold": "60",
        "importance": "45",
        "ypix": "0",
        "slug":""
    }
    ,
    {
        "id": "1482",
        "title": "Challis Earthquake",
        "startdate": "1983-07-01 12:00",
        "enddate": "1983-07-01 12:00",
        
        "description": "An earthquake measuring 7.3 on the Richter scale kills two Challis children and caused millions of dollars of damage.",
"icon": "triangle_red.png",
        "low_threshold": "1",
        "high_threshold": "60",
        "importance": "45",
        "ypix": "0",
        "slug": ""
    }
    ,
    {
        "id": "1483",
        "title": "Harmon Killebrew Inducted to Baseball Hall of Fame",
        "startdate": "1984-07-01 12:00",
        "enddate": "1984-07-01 12:00",
        
        "description": "Harmon Killebrew of Payette inducted into Baseball Hall of Fame.",
"icon": "circle_orange.png",
        "low_threshold": "1",
        "high_threshold": "60",
        "importance": "42",
        "ypix": "0",
        "slug": ""
    }
    ,
    {
        "id": "1484",
        "title": "Idaho Finalists in NASA Teacher in Space Program",
        "startdate": "1985-07-01 12:00",
        "enddate": "1985-07-01 12:00",
        "description": "David Marquart (Boise) and Barbara Morgan (McCall) are among 10 finalists out of 11,000 applicants in the NASA Teacher in Space program. Barbara Morgan later becomes Teacher in Space backup to Christa McAuliffe, and Teacher in Space designee in 1986, and later the first education mission specialist.",
"icon": "triangle_green.png",
        "low_threshold": "1",
        "high_threshold": "60",
        "importance": "45",
        "ypix": "0",
        "slug": ""
    }
    ,
    {
        "id": "1485",
        "title": "Population 1,006,749",
        "startdate": "1990-07-01 12:00",
        "enddate": "1990-07-01 12:00",
        "date_limit": "ye",
        "description": "Idaho population 1,006,749. ",
"icon": "plus_blue.png",
        "low_threshold": "1",
        "high_threshold": "60",
        "importance": "45",
        "ypix": "0",
        "slug": ""
    }
    ,
    {
        "id": "1486",
        "title": "Statehood Centennial",
        "startdate": "1990-07-03 12:00",
        "enddate": "1990-07-03 12:00",
        
        "description": "Idaho celebrates Statehood Centennial - July 3.",
"icon": "triangle_green.png",
        "low_threshold": "1",
        "high_threshold": "60",
        "importance": "42",
        "ypix": "0",
        "slug": ""
    }
    ,
    {
        "id": "1487",
        "title": "First Woman Appointed to Idaho Supreme Court",
        "startdate": "1992-07-01 12:00",
        "enddate": "1992-07-01 12:00",
        "date_limit": "da",
        "description": "Linda Copple Trout becomes the first woman appointed to the Idaho Supreme Court.",
"icon": "triangle_green.png",
        "low_threshold": "1",
        "high_threshold": "60",
        "importance": "45",
        "ypix": "0",
        "slug":""
    }
    ,
    {
        "id": "1488",
        "title": "Third Fastest Population Growth in Nation",
        "startdate": "1994-06-01 12:00",
        "enddate": "1994-06-01 12:00",
        "date_limit": "ye",
        "description": "Idaho ranks third nationwide in percentage population growth after the state adds another 33,000 residents.",
"icon": "plus_blue.png",
        "low_threshold": "1",
        "high_threshold": "60",
        "importance": "45",
        "ypix": "0",
        "slug": ""
    }
    ,
    {
        "id": "1489",
        "title": "1st American to Win World Cup Downhill",
        "startdate": "1995-05-31 08:00",
        "enddate": "1995-05-31 08:00",
        "date_limit": "da",
        "description": "Picabo Street becomes first American to win World Cup downhill title",
"icon": "circle_orange.png",
        "low_threshold": "1",
        "high_threshold": "60",
        "importance": "32",
        "ypix": "0",
        "slug": ""
    }

	,
    {
        "id": "lcraig",
        "title": "Larry Craig in the Senate",
        "startdate": "1991-01-01 08:00",
        "enddate": "2009-12-31 08:00",
        "date_limit": "da",
        "description": "Larry Edwin Craig (born July 20, 1945) is a former Republican politician from the U.S. state of Idaho. He served eighteen years in the U.S. Senate (1991–2009), preceded by ten years in the U.S. House, representing Idaho's first district (1981–91). His 28 years in the Congress rank as the second-longest in Idaho history, trailing only William Borah, who served over 32 years in the Senate. In addition to serving in Congress, Craig has been a member of the Board of Directors of the National Rifle Association since 1983. Craig has also been selected for induction into the Idaho Hall of Fame. Although he was selected in March 2007, the announcement was made in October 2007.",
    
        "icon": "square_blue.png",
        "low_threshold": "1",
        "high_threshold": "100",
        "importance": "42",
        "ypix": "0",
        "slug": ""
    },

	{
	        "id": "bsu-1",
	        "title": "Boise State wins the Fiesta Bowl",
	        "startdate": "2007-01-01 20:00:00",
	        "enddate": "1995-05-31 08:00",
	        "date_limit": "da",
	        "description": "The 2007 Tostitos Fiesta Bowl was a college football bowl game played as part of the 2006–2007 Bowl Championship Series (BCS) of the 2006 NCAA Division I FBS football season. Played annually since 1971, originally at Sun Devil Stadium on the campus of Arizona State University in Tempe, Arizona through 2006, the game was played on January 1, 2007, at the game's new home field, the University of Phoenix Stadium in Glendale, Arizona, and pitted the Big 12 champion #8 Oklahoma Sooners against the WAC champion #9 Boise State Broncos. The contest was televised on Fox. With this broadcast, the Fiesta Bowl became the first bowl game to air on all the 'big four' television networks (ABC, CBS, Fox, NBC) - the Orange Bowl became the second, the following night.<br><br>Oklahoma was the designated home team and was favored by 7½ points, but the Broncos won in overtime, 43–42. Oklahoma wore their red home jerseys, while Boise State wore their road white jerseys. Both Boise, Idaho and Norman, Oklahoma are about 15 hour trips from the bowl site.<br><br>The game featured a series of 'fantastic finishes' – Oklahoma scoring 25 unanswered points to take its first lead with just over one minute remaining in the game, the teams scoring 22 points in the final 1:26 of regulation and 15 points in overtime, culminating with Boise State completing three do-or-die trick plays (the first of which was called with 17 seconds remaining in the fourth quarter) to win the game.",
	        "event_type": "event",
	        "link": "",
	        "icon": "circle_orange.png",
	        "low_threshold": "1",
	        "high_threshold": "100",
	        "importance": "55",
	        "ypix": "0",
	        "slug": ""
	    }
    ]
}
]
