[
{ "id": "us_general",
	"title" : "American History, General",
	"description" : "",
	"focus_date" : "1957-06-01 2:00:00",
	"initial_zoom" : "54",
	"size_importance" : "1",
	"events" : [
        {
		"id" :           "tg_line_befecbb76b6beef453ae53345a44315e816465",
        "title" :        "The Civil War",
		"startdate" :    "1861-04-12 17:00",
		"enddate" :      "1865-04-09 17:00",
		"date_display" :   "da",
		"description" :  "",
		"link" :         "http://en.m.wikipedia.org/wiki/American_Civil_War",
		"icon" :         "triangle_red.png",
		"low_threshold" :"0",
		"high_threshold":"60",
		"importance" :   "60",
		"y_position" :         "0",
		"modal_type":"link-iframe",
		"tags": "war, civil war"
		}
		,
        {
		"id" :           "tg_line_befecbb76b6beef453ae53345a44315e816472",
        "title" :        "Reconstruction Era",
		"startdate" :    "1863-06-01 17:00",
		"enddate" :      "1877-06-01 17:00",
		"date_display" :   "ye",
		"description" :  "",
		"link" :         "",
		"icon" :         "triangle_blue.png",
		"low_threshold" :"0",
		"high_threshold":"60",
		"importance" :   "55",
		"y_position" :         "0",
		"modal_type":"link-iframe",
		"tags": "reconstruction, civil war"
		}
		,
        {
		"id" :           "tg_line_befecbb76b6beef453ae53345a44315e816473",
        "title" :        "Wright Brothers' First Flight",
		"startdate" :    "1903-12-17 17:00",
		"enddate" :      "1903-12-17 17:00",
		"date_display" :   "da",
		"description" :  "",
		"link" :         "http://en.m.wikipedia.org/wiki/Wright_Flyer",
		"icon" :         "triangle_green.png",
		"low_threshold" :"0",
		"high_threshold":"60",
		"importance" :   "55",
		"y_position" :         "0",
		"modal_type":"link-iframe",
		"tags": "technology, ohio"
		}
		,
        {
		"id" :           "tg_line_befecbb76b6beef453ae53345a44315e816464",
        "title" :        "World War I",
		"startdate" :    "1914-07-14 17:00",
		"enddate" :      "1918-11-11 17:00",
		"date_display" :   "da",
		"description" :  "",
		"link" :         "",
		"icon" :         "triangle_red.png",
		"low_threshold" :"0",
		"high_threshold":"60",
		"importance" :   "60",
		"y_position" :         "0",
		"modal_type":"link-iframe",
		"tags": "war"
		}
		
		,
        {
		"id" :           "tg_line",
        "title" :        "Black Monday: Wall Street Crash",
		"startdate" :    "1929-10-28 17:00",
		"date_display" :   "da",
		"description" :  "",
		"link" :         "http://en.m.wikipedia.org/wiki/Wall_Street_Crash_of_1929",
		"icon" :         "triangle_black.png",
		"low_threshold" :"0",
		"high_threshold":"45",
		"importance" :   "50",
		"y_position" :         "0",
		"modal_type":"link-iframe",
		"tags": "economics, disasters"
		}
		
		
		,
        {
		"id" :           "tg_fdr_elected",
        "title" :        "FDR Elected",
		"startdate" :    "1932-11-01 17:00",
		"date_display" :   "mo",
		"link" :         "http://en.m.wikipedia.org/wiki/Franklin_D._Roosevelt",
		"icon" :         "triangle_green.png",
		"low_threshold" :"0",
		"high_threshold":"100",
		"importance" :   "45",
		"y_position" :         "0",
		"modal_type":"link-iframe",
		"tags": "presidents"
		}
		
		
		,
        {
		"id" :           "tg_line_befecbb76b6beef453ae53345a44315e816471",
        "title" :        "The Great Depression",
		"startdate" :    "1929-09-04 17:00",
		"enddate" :      "1939-09-04 17:00",
		"date_display" :   "ye",
		"description" :  "",
		"link" :         "http://en.m.wikipedia.org/wiki/Great_Depression",
		"icon" :         "triangle_gray.png",
		"low_threshold" :"0",
		"high_threshold":"60",
		"importance" :   "60",
		"y_position" :         "0",
		"modal_type":"link-iframe",
		"tags": "economics"
		}
		
		,
        {
		"id" :           "dustbowl",
        "title" :        "The Dust Bowl",
		"startdate" :    "1933-06-01 17:00",
		"enddate" :      "1936-10-01 17:00",
		"date_display" :   "mo",
		"description" :  "",
		"link" :         "http://en.m.wikipedia.org/wiki/Dustbowl",
		"icon" :         "triangle_gray.png",
		"low_threshold" :"1",
		"high_threshold":"100",
		"importance" :   "50",
		"y_position" :         "0",
		"modal_type":"link-iframe",
		"tags": "farming, midwest, disasters"
		}
		
		
		,
        {
		"id" :           "tg_line_befecbb76b6beef453ae53345a44315e816463",
        "title" :        "The U.S. in World War II",
		"startdate" :    "1941-12-07 17:00",
		"enddate" :      "1945-09-02 17:00",
		"date_display" :   "da",
		"description" :  "",
		"link" :         "",
		"icon" :         "triangle_red.png",
		"low_threshold" :"0",
		"high_threshold":"60",
		"importance" :   "60",
		"y_position" :         "0",
		"modal_type":"link-iframe",
		"tags": "war, ww2"
		}
		,
        {
		"id" :           "tg_line_befecbb76b6beef453ae53345a44315e816474",
        "title" :        "Atom bombs dropped on Hiroshima and Nagasaki",
		"startdate" :    "1945-08-06 17:00",
		"enddate" :      "1945-08-09 17:00",
		"date_display" :   "da",
		"description" :  "",
		"link" :         "http://en.m.wikipedia.org/wiki/Atomic_bombings_of_Hiroshima_and_Nagasaki",
		"icon" :         "triangle_black.png",
		"low_threshold" :"0",
		"high_threshold":"60",
		"importance" :   "55",
		"y_position" :         "0",
		"modal_type":"link-iframe",
		"tags": "ww2"
		}
		,
        {
		"id" :           "tg_line_befecbb76b6beef453ae53345a44315e816466",
        "title" :        "Korean War",
		"startdate" :    "1950-06-25 17:00",
		"enddate" :      "1953-07-27 17:00",
		"date_display" :   "da",
		"description" :  "",
		"link" :         "http://en.m.wikipedia.org/wiki/Korean_War",
		"icon" :         "triangle_red.png",
		"low_threshold" :"0",
		"high_threshold":"60",
		"importance" :   "55",
		"y_position" :         "0",
		"modal_type":"link-iframe",
		"tags": "war"
		}
		
		,
        {
		"id" :           "suffrage",
        "title" :        "Women's Suffrage Movement",
		"startdate" :    "1848-07-20 17:00",
		"enddate" :      "1920-08-26 17:00",
		"date_display" : "ye",
		"link" :         "http://en.m.wikipedia.org/wiki/Women's_suffrage",
		"icon" :         "triangle_green.png",
		"low_threshold" :"0",
		"high_threshold":"60",
		"importance" :   "50",
		"modal_type":"link-iframe",
		"tags": "women, politics"
		}
		
		
		,
        {
		"id" :           "civil_rights_era",
        "title" :        "Civil Rights Era",
		"startdate" :    "1955-01-01 17:00",
		"enddate" :      "1968-12-31 17:00",
		"date_display" :   "ye",
		"link" :         "http://en.m.wikipedia.org/wiki/African-American_Civil_Rights_Movement_(1955%E2%80%931968)",
		"icon" :         "triangle_green.png",
		"low_threshold" :"0",
		"high_threshold":"60",
		"importance" :   "50",
		"y_position" :         "0",
		"modal_type":"link-iframe",
		"tags": "civil rights"
		}
		,
        {
		"id" :           "tg_line_befecbb76b6beef453ae53345a44315e816468",
        "title" :        "Vietnam War",
		"startdate" :    "1955-11-01 17:00",
		"enddate" :      "1975-04-30 17:00",
		"date_display" :   "da",
		"description" :  "",
		"link" :         "http://en.m.wikipedia.org/wiki/Vietnam_War",
		"icon" :         "triangle_red.png",
		"low_threshold" :"0",
		"high_threshold":"60",
		"importance" :   "60",
		"y_position" :         "0",
		"modal_type":"link-iframe",
		"tags": "war"
		}
		,
        {
		"id" :           "tg_line_befecbb76b6beef453ae53345a44315e816469",
        "title" :        "Gulf War",
		"startdate" :    "1990-08-02 17:00",
		"enddate" :      "1991-02-28 17:00",
		"date_display" :   "da",
		"description" :  "",
		"link" :         "http://en.m.wikipedia.org/wiki/Gulf_War",
		"icon" :         "triangle_red.png",
		"low_threshold" :"0",
		"high_threshold":"60",
		"importance" :   "52",
		"y_position" :         "0",
		"modal_type":"link-iframe",
		"tags": "war"
		}
		,
        {
		"id" :           "tg_line_befecbb76b6beef453ae53345a44315e816478",
        "title" :        "War in Afghanistan",
		"startdate" :    "2001-09-07 17:00",
		"enddate" :      "2012-05-18 17:00",
		"date_display" :   "da",
		"description" :  "",
		"link" :         "",
		"icon" :         "triangle_red.png",
		"low_threshold" :"0",
		"high_threshold":"60",
		"importance" :   "55",
		"y_position" :         "0",
		"modal_type":"link-iframe"
		}
		,
        {
		"id" :           "tg_line_befecbb76b6beef453ae53345a44315e816479",
        "title" :        "September 11 Attacks",
		"startdate" :    "2001-09-11 13:30",
		"enddate" :      "2001-09-11 13:30",
		"date_display" :   "da",
		"description" :  "",
		"link" :         "http://en.m.wikipedia.org/wiki/September_11_attacks",
		"icon" :         "triangle_black.png",
		"low_threshold" :"0",
		"high_threshold":"60",
		"importance" :   "53",
		"y_position" :         "0",
		"modal_type":"link-iframe"
		}
		,
        {
		"id" :           "tg_line_befecbb76b6beef453ae53345a44315e816476",
        "title" :        "Iraq War",
		"startdate" :    "2003-03-20 17:00",
		"enddate" :      "2011-12-15 17:00",
		"date_display" :   "da",
		"description" :  "",
		"link" :         "http://en.m.wikipedia.org/wiki/Iraq_War",
		"icon" :         "triangle_red.png",
		"low_threshold" :"0",
		"high_threshold":"60",
		"importance" :   "55",
		"y_position" :         "0",
		"modal_type":"link-iframe"
		},

    {
        "id": "1460",
        "title": "Sun Valley Established",
        "startdate": "1936-07-01 12:00",
        "enddate": "1936-07-01 12:00",
        
        "description": "Sun Valley resort is established by the Union Pacific Railroad. World's first ski chair lift opens at Sun Valley.",
        "event_type": "event",
        "icon": "circle_orange.png",
        "low_threshold": "1",
        "high_threshold": "60",
        "importance": "50",
        "ypix": "0",
        "slug": "",
        "tags":"women, skiing"
    }
    ,
    {
        "id": "1461",
        "title": "Albertsons Opens",
        "startdate": "1939-07-01 12:00",
        "enddate": "1939-07-01 12:00",
        
        "description": "Joe Albertson opens his first supermarket in Boise.",
        "event_type": "event",
        "icon": "triangle_green.png",
        "low_threshold": "1",
        "high_threshold": "60",
        "importance": "45",
        "ypix": "0",
        "slug": ""
    }
    ,

    {
        "id": "1463",
        "title": "Simplot Opens",
        "startdate": "1941-07-01 12:00",
        "enddate": "1941-07-01 12:00",
        
        "description": "J.R. Simplot begins potato dehydration operations in Caldwell.",
        "event_type": "event",
        "icon": "triangle_green.png",
        "low_threshold": "1",
        "high_threshold": "60",
        "importance": "45",
        "ypix": "0",
        "slug": ""
    }
    ,
    {
        "id": "1464",
        "title": "Japanese American Internment",
        "startdate": "1942-02-19 12:00",
        "enddate": "1944-12-18 12:00",
        
        "description": "Japanese-Americans are placed in internment camp near Eden.",
        "event_type": "event",
        "icon": "triangle_red.png",
        "low_threshold": "1",
        "high_threshold": "60",
        "importance": "51",
        "ypix": "0",
        "slug": ""
    }
    ,
    {
        "id": "1465",
        "title": "National Reactor Testing Station Established",
        "startdate": "1949-07-01 12:00",
        "enddate": "1949-07-01 12:00",
        
        "description": "National Reactor Testing Station (NRTS) is established.",
        "event_type": "event",
        "icon": "triangle_green.png",
        "low_threshold": "1",
        "high_threshold": "60",
        "importance": "45",
        "ypix": "0",
        "slug": ""
    }
    ,

    {
        "id": "1467",
        "title": "Nuclear Fission to Produce Energy",
        "startdate": "1951-07-01 12:00",
        "enddate": "1951-07-01 12:00",
        
        "description": "NRTS becomes site of the worlds' first use of nuclear fission to produce electricity. Experimental Breeder Reactor No. 1 is later designated a National Landmark.",
        "event_type": "event",
        "icon": "triangle_green.png",
        "low_threshold": "1",
        "high_threshold": "60",
        "importance": "45",
        "ypix": "0",
        "slug": ""
    }
    ,
    {
        "id": "1468",
        "title": "Television Comes to Idaho",
        "startdate": "1953-07-01 12:00",
        "enddate": "1953-07-01 12:00",
        
        "description": "Television comes to Idaho with KIDO-TV in Boise.",
        "event_type": "event",
        "icon": "triangle_green.png",
        "low_threshold": "1",
        "high_threshold": "60",
        "importance": "45",
        "ypix": "0",
        "slug": ""
    }
    ,

    {
        "id": "1470",
        "title": "Ernest Hemingway Dies",
        "startdate": "1961-07-01 12:00",
        "enddate": "1961-07-01 12:00",
        
        "description": "Ernest Hemingway dies in Ketchum.",
        "event_type": "event",
        "icon": "triangle_gray.png",
        "low_threshold": "1",
        "high_threshold": "60",
        "importance": "45",
        "ypix": "0",
        "slug": ""
    }
    ,


    {
        "id": "1473",
        "title": "Sunshine Mine Fire",
        "startdate": "1972-07-01 12:00",
        "enddate": "1972-07-01 12:00",
        
        "description": "Fire at the Sunshine Mine in Kellogg takes 91 lives.",
        "event_type": "event",
        "icon": "triangle_red.png",
        "low_threshold": "1",
        "high_threshold": "60",
        "importance": "45",
        "ypix": "0",
        "slug": ""
    }
    ,
    {
        "id": "1474",
        "title": "Port of Lewiston Opens",
        "startdate": "1975-07-01 12:00",
        "enddate": "1975-07-01 12:00",
        
        "description": "Port of Lewiston opens Idaho to ocean-going shipping.",
        "event_type": "event",
        "icon": "triangle_green.png",
        "low_threshold": "1",
        "high_threshold": "60",
        "importance": "45",
        "ypix": "0",
        "slug": ""
    }
    ,
    {
        "id": "1475",
        "title": "Teton Dam Collapse",
        "startdate": "1976-07-01 12:00",
        "enddate": "1976-07-01 12:00",
        
        "description": "Teton Dam collapses, killing 11 and forcing thousands to flee their homes.",
        "event_type": "event",
        "icon": "triangle_red.png",
        "low_threshold": "1",
        "high_threshold": "60",
        "importance": "52",
        "ypix": "0",
        "slug":""
    }
    ,




    {
        "id": "1480",
        "title": "Mount St. Helens erupts",
        "startdate": "1981-07-01 12:00",
        "enddate": "1981-07-01 12:00",
        
        "description": "Eruption of Mt. St. Helens in Washington leaves north Idaho covered with a layer of volcanic ash.",
        "event_type": "event",
        "icon": "triangle_red.png",
        "low_threshold": "1",
        "high_threshold": "60",
        "importance": "50",
        "ypix": "0",
        "slug": ""
    },


    {
        "id": "1487",
        "title": "First Woman Appointed to Idaho Supreme Court",
        "startdate": "1992-07-01 12:00",
        "enddate": "1992-07-01 12:00",
        "date_limit": "da",
        "description": "Linda Copple Trout becomes the first woman appointed to the Idaho Supreme Court.",
        "event_type": "event",
        "icon": "triangle_green.png",
        "low_threshold": "1",
        "high_threshold": "60",
        "importance": "45",
        "ypix": "0",
        "slug":"",
        "tags":"women, courts, idaho"
    }
    ,

    {
        "id": "1489",
        "title": "1st American to Win World Cup Downhill",
        "startdate": "1995-05-31 08:00",
        "enddate": "1995-05-31 08:00",
        "date_limit": "da",
        "description": "Picabo Street becomes first American to win World Cup downhill title",
        "event_type": "event",
        "icon": "circle_orange.png",
        "low_threshold": "1",
        "high_threshold": "60",
        "importance": "42",
        "ypix": "0",
        "tags": "women, sports, skiing, idaho"
    },


	{
	        "id": "bsu-1",
	        "title": "Boise State wins the Fiesta Bowl",
	        "startdate": "2007-01-01 20:00:00",
	        "enddate": "1995-05-31 08:00",
	        "date_limit": "da",
	        "description": "The 2007 Tostitos Fiesta Bowl was a college football bowl game played as part of the 2006–2007 Bowl Championship Series (BCS) of the 2006 NCAA Division I FBS football season. Played annually since 1971, originally at Sun Devil Stadium on the campus of Arizona State University in Tempe, Arizona through 2006, the game was played on January 1, 2007, at the game's new home field, the University of Phoenix Stadium in Glendale, Arizona...",
	        "event_type": "event",
	        "link": "",
	        "icon": "circle_orange.png",
	        "low_threshold": "1",
	        "high_threshold": "100",
	        "importance": "55",
	        "ypix": "0",
	        "tags": "sports, idaho, football"
	    }
    ]
}


]