<?xml version="1.0" encoding="utf-8" ?><dwsync><file name="check_COLOR.png" server="64.64.8.234//var/www/vhosts/" local="3493320383" remote="67917829933" /><file name="clover_COLOR.png" server="64.64.8.234//var/www/vhosts/" local="3493320383" remote="72212797230" /><file name="gear_COLOR.png" server="64.64.8.234//var/www/vhosts/" local="3493320383" remote="63622862638" /><file name="heart_COLOR.png" server="64.64.8.234//var/www/vhosts/" local="3493320383" remote="67917829935" /><file name="lightning_COLOR.png" server="64.64.8.234//var/www/vhosts/" local="3493320383" remote="85097699119" /><file name="moon_COLOR.png" server="64.64.8.234//var/www/vhosts/" local="3493320383" remote="63622862640" /><file name="target_COLOR.png" server="64.64.8.234//var/www/vhosts/" local="3493320383" remote="72212797232" /><file name="warning_COLOR.png" server="64.64.8.234//var/www/vhosts/" local="3493320383" remote="76507764529" /></dwsync>