<?xml version="1.0" encoding="utf-8" ?><dwsync><file name="check_COLOR.png" server="64.64.8.234//var/www/vhosts/" local="3493320383" remote="67917829928" /><file name="clover_COLOR.png" server="64.64.8.234//var/www/vhosts/" local="3493320383" remote="72212797225" /><file name="gear_COLOR.png" server="64.64.8.234//var/www/vhosts/" local="3493320383" remote="63622862633" /><file name="heart_COLOR.png" server="64.64.8.234//var/www/vhosts/" local="3493320383" remote="67917829930" /><file name="lightning_COLOR.png" server="64.64.8.234//var/www/vhosts/" local="3493320383" remote="85097699114" /><file name="moon_COLOR.png" server="64.64.8.234//var/www/vhosts/" local="3493320383" remote="63622862635" /><file name="target_COLOR.png" server="64.64.8.234//var/www/vhosts/" local="3493320383" remote="72212797227" /><file name="warning_COLOR.png" server="64.64.8.234//var/www/vhosts/" local="3493320383" remote="76507764523" /></dwsync>